,日期,店铺,销量,评分,配送时间,订单状态
0,2024-07-07,炸鸡队长,37.0,4.5,52.0,已取消
1,2024-07-20,鲜粥铺,179.0,3.9,15.0,已完成
2,2024-07-29,炸鸡队长,115.0,4.4,45.0,已完成
3,2024-07-15,老张炒饭,142.0,4.5,18.0,已完成
4,2024-07-11,炸鸡队长,58.0,,59.0,已取消
5,2024-07-08,炸鸡队长,65.0,4.2,19.0,已完成
6,2024-07-29,湘味小炒,48.0,3.8,44.0,已完成
7,2024-07-21,湘味小炒,81.0,3.6,,已完成
8,2024-07-07,湘味小炒,35.0,4.1,17.0,已完成
9,2024-07-26,炸鸡队长,140.0,4.0,25.0,已完成
10,2024-07-19,蜀香麻辣烫,29.0,5.0,59.0,已完成
11,2024-07-23,炸鸡队长,177.0,4.2,18.0,配送中
12,2024-07-11,蜀香麻辣烫,172.0,4.0,40.0,已取消
13,2024-07-11,蜀香麻辣烫,122.0,4.4,41.0,配送中
14,2024-07-24,湘味小炒,103.0,3.6,57.0,已完成
15,2024-07-21,鲜粥铺,152.0,4.9,41.0,已取消
16,2024-07-04,老张炒饭,84.0,4.5,56.0,已取消
17,2024-07-08,湘味小炒,196.0,4.6,20.0,已完成
18,2024-07-24,湘味小炒,22.0,3.8,29.0,已完成
19,2024-07-03,鲜粥铺,192.0,4.1,44.0,已完成
20,2024-07-22,老张炒饭,161.0,4.1,56.0,已取消
21,2024-07-21,炸鸡队长,139.0,4.7,,已完成
22,2024-07-02,炸鸡队长,177.0,3.5,51.0,已完成
23,2024-07-24,湘味小炒,87.0,4.0,56.0,已完成
24,2024-07-12,老张炒饭,165.0,5.0,51.0,配送中
25,2024-07-30,湘味小炒,56.0,4.2,49.0,已取消
26,2024-07-06,蜀香麻辣烫,172.0,4.1,37.0,配送中
27,2024-07-02,湘味小炒,195.0,3.7,20.0,已完成
28,2024-07-28,湘味小炒,92.0,5.0,18.0,已完成
29,2024-07-21,炸鸡队长,162.0,,32.0,已完成
30,2024-07-01,炸鸡队长,68.0,4.6,23.0,已完成
31,2024-07-12,炸鸡队长,140.0,4.7,43.0,已完成
32,2024-07-26,蜀香麻辣烫,107.0,3.9,27.0,已完成
33,2024-07-22,炸鸡队长,159.0,4.5,31.0,已完成
34,2024-07-29,老张炒饭,56.0,3.6,59.0,已完成
35,2024-07-12,鲜粥铺,80.0,3.9,46.0,配送中
36,2024-07-25,老张炒饭,190.0,4.7,36.0,已完成
37,2024-07-17,老张炒饭,143.0,4.8,18.0,已取消
38,2024-07-27,炸鸡队长,58.0,4.4,19.0,已完成
39,2024-07-27,鲜粥铺,82.0,4.3,51.0,已完成
40,2024-07-31,鲜粥铺,65.0,3.7,55.0,已完成
41,2024-07-10,鲜粥铺,107.0,3.6,27.0,已完成
42,2024-07-28,蜀香麻辣烫,30.0,3.7,48.0,已完成
43,2024-07-28,炸鸡队长,81.0,3.8,59.0,已完成
44,2024-07-16,鲜粥铺,96.0,4.0,36.0,已完成
45,2024-07-15,蜀香麻辣烫,172.0,4.1,37.0,已完成
46,2024-07-30,湘味小炒,71.0,4.0,17.0,已完成
47,2024-07-30,湘味小炒,23.0,3.9,56.0,配送中
48,2024-07-15,蜀香麻辣烫,78.0,4.3,48.0,已取消
49,2024-07-30,蜀香麻辣烫,91.0,4.7,46.0,已取消
50,2024-07-19,炸鸡队长,167.0,3.9,59.0,已完成
51,2024-07-12,炸鸡队长,112.0,4.9,35.0,已取消
52,2024-07-23,湘味小炒,82.0,4.8,58.0,已取消
53,2024-07-20,鲜粥铺,73.0,3.7,35.0,已完成
54,2024-07-25,湘味小炒,136.0,4.7,58.0,配送中
55,2024-07-03,鲜粥铺,129.0,,25.0,已完成
56,2024-07-05,鲜粥铺,93.0,4.3,53.0,配送中
57,2024-07-19,炸鸡队长,126.0,4.1,18.0,配送中
58,2024-07-07,老张炒饭,76.0,4.3,15.0,已完成
59,2024-07-21,老张炒饭,188.0,4.1,42.0,已完成
60,2024-07-09,蜀香麻辣烫,22.0,4.3,38.0,配送中
61,2024-07-07,炸鸡队长,139.0,4.4,49.0,已完成
62,2024-07-18,鲜粥铺,25.0,4.5,27.0,已完成
63,2024-07-04,老张炒饭,24.0,4.3,48.0,配送中
64,2024-07-25,鲜粥铺,24.0,4.6,25.0,已完成
65,2024-07-28,老张炒饭,73.0,3.7,50.0,已完成
66,2024-07-14,老张炒饭,66.0,3.8,31.0,已完成
67,2024-07-18,老张炒饭,196.0,4.7,49.0,已完成
68,2024-07-26,炸鸡队长,28.0,4.0,32.0,已完成
69,2024-07-09,湘味小炒,118.0,3.5,54.0,已完成
70,2024-07-26,鲜粥铺,39.0,3.7,36.0,已完成
71,2024-07-21,炸鸡队长,141.0,3.8,999.0,已完成
72,2024-07-02,炸鸡队长,80.0,4.9,33.0,已取消
73,2024-07-20,炸鸡队长,142.0,4.4,51.0,已完成
74,2024-07-28,炸鸡队长,182.0,4.9,53.0,已完成
75,2024-07-15,炸鸡队长,197.0,4.4,35.0,已完成
76,2024-07-28,蜀香麻辣烫,101.0,4.2,22.0,已完成
77,2024-07-07,鲜粥铺,81.0,4.0,42.0,已完成
78,2024-07-12,炸鸡队长,164.0,4.4,19.0,已完成
79,2024-07-29,鲜粥铺,22.0,3.7,31.0,配送中
80,2024-07-08,蜀香麻辣烫,179.0,4.8,51.0,已完成
81,2024-07-15,蜀香麻辣烫,32.0,4.7,50.0,已完成
82,2024-07-03,鲜粥铺,139.0,4.0,33.0,已完成
83,2024-07-14,老张炒饭,144.0,4.9,41.0,已完成
84,2024-07-17,湘味小炒,108.0,4.7,48.0,已完成
85,2024-07-04,老张炒饭,92.0,4.5,25.0,已完成
86,2024-07-18,老张炒饭,87.0,3.7,59.0,已完成
87,2024-07-08,老张炒饭,161.0,4.2,26.0,已取消
88,2024-07-04,炸鸡队长,120.0,4.3,35.0,已完成
89,2024-07-02,蜀香麻辣烫,117.0,3.8,25.0,已完成
90,2024-07-30,老张炒饭,30.0,3.6,53.0,已完成
91,2024-07-06,蜀香麻辣烫,124.0,4.7,42.0,已完成
92,2024-07-22,鲜粥铺,86.0,3.7,19.0,已完成
93,2024-07-10,湘味小炒,142.0,4.4,31.0,已完成
94,2024-07-04,鲜粥铺,48.0,4.9,34.0,已完成
95,2024-07-22,鲜粥铺,156.0,4.8,55.0,已完成
96,2024-07-29,炸鸡队长,172.0,3.9,26.0,已完成
97,2024-07-31,湘味小炒,95.0,4.8,20.0,已完成
98,2024-07-18,鲜粥铺,189.0,3.5,31.0,已完成
99,2024-07-26,鲜粥铺,28.0,3.5,33.0,已完成
100,2024-07-12,湘味小炒,59.0,4.4,40.0,已完成
101,2024-07-02,湘味小炒,44.0,4.0,58.0,配送中
102,2024-07-10,鲜粥铺,24.0,4.1,58.0,已完成
103,2024-07-30,湘味小炒,158.0,4.3,46.0,已取消
104,2024-07-04,鲜粥铺,143.0,3.8,20.0,已完成
105,2024-07-14,鲜粥铺,57.0,3.8,50.0,已完成
106,2024-07-31,炸鸡队长,91.0,4.2,52.0,已完成
107,2024-07-16,老张炒饭,152.0,,25.0,已完成
108,2024-07-15,鲜粥铺,195.0,4.4,47.0,已完成
109,2024-07-08,蜀香麻辣烫,109.0,3.9,38.0,配送中
110,2024-07-14,老张炒饭,165.0,4.1,,已完成
111,2024-07-23,老张炒饭,56.0,3.8,29.0,配送中
112,2024-07-28,老张炒饭,79.0,3.6,41.0,已完成
113,2024-07-25,炸鸡队长,195.0,4.7,25.0,已取消
114,2024-07-30,鲜粥铺,47.0,3.9,31.0,已完成
115,2024-07-08,炸鸡队长,100.0,3.8,28.0,已取消
116,2024-07-21,鲜粥铺,133.0,4.5,41.0,已完成
117,2024-07-16,炸鸡队长,59.0,4.4,32.0,已完成
118,2024-07-13,炸鸡队长,64.0,4.4,42.0,已完成
119,2024-07-18,蜀香麻辣烫,81.0,3.8,18.0,已取消
120,2024-07-15,炸鸡队长,112.0,3.8,21.0,已完成
121,2024-07-21,湘味小炒,134.0,3.8,59.0,已取消
122,2024-07-24,蜀香麻辣烫,86.0,3.8,49.0,已完成
123,2024-07-26,炸鸡队长,75.0,4.5,23.0,已取消
124,2024-07-25,老张炒饭,59.0,4.8,22.0,已取消
125,2024-07-28,湘味小炒,117.0,4.6,59.0,已取消
126,2024-07-28,湘味小炒,59.0,4.7,31.0,已完成
127,2024-07-28,湘味小炒,110.0,4.1,31.0,已完成
128,2024-07-13,蜀香麻辣烫,52.0,4.5,47.0,配送中
129,2024-07-09,炸鸡队长,25.0,4.0,46.0,已完成
130,2024-07-29,炸鸡队长,166.0,4.3,22.0,已完成
131,2024-07-15,老张炒饭,99.0,4.2,33.0,已完成
132,2024-07-13,老张炒饭,187.0,3.8,52.0,已取消
133,2024-07-01,湘味小炒,111.0,4.1,17.0,已完成
134,2024-07-25,老张炒饭,116.0,4.9,19.0,已完成
135,2024-07-07,蜀香麻辣烫,78.0,3.9,27.0,已取消
136,2024-07-09,炸鸡队长,78.0,3.7,45.0,已完成
137,2024-07-24,湘味小炒,67.0,,30.0,配送中
138,2024-07-01,老张炒饭,188.0,4.7,46.0,已完成
139,2024-07-12,蜀香麻辣烫,32.0,4.4,36.0,已完成
140,2024-07-08,蜀香麻辣烫,126.0,4.5,43.0,已完成
141,2024-07-24,老张炒饭,64.0,3.8,36.0,已完成
142,2024-07-31,炸鸡队长,108.0,4.4,57.0,配送中
143,2024-07-11,老张炒饭,189.0,4.0,17.0,已完成
144,2024-07-19,湘味小炒,119.0,4.8,24.0,已完成
145,2024-07-17,老张炒饭,174.0,4.4,56.0,已完成
146,2024-07-08,蜀香麻辣烫,185.0,3.8,35.0,已完成
147,2024-07-03,老张炒饭,26.0,3.6,30.0,已完成
148,2024-07-03,炸鸡队长,152.0,3.6,26.0,已完成
149,2024-07-01,鲜粥铺,64.0,4.1,16.0,已完成
150,2024-07-27,老张炒饭,77.0,3.9,55.0,已取消
151,2024-07-05,炸鸡队长,50.0,4.5,38.0,已完成
152,2024-07-10,炸鸡队长,42.0,4.2,49.0,已完成
153,2024-07-07,蜀香麻辣烫,189.0,3.9,44.0,已完成
154,2024-07-26,炸鸡队长,157.0,3.7,44.0,已取消
155,2024-07-09,炸鸡队长,179.0,3.7,49.0,已完成
156,2024-07-28,炸鸡队长,126.0,4.8,33.0,已完成
157,2024-07-07,炸鸡队长,177.0,3.9,22.0,已完成
158,2024-07-09,湘味小炒,58.0,4.5,40.0,配送中
159,2024-07-08,湘味小炒,178.0,4.7,54.0,已完成
160,2024-07-12,蜀香麻辣烫,101.0,4.4,21.0,已取消
161,2024-07-02,老张炒饭,119.0,4.8,44.0,已完成
162,2024-07-01,炸鸡队长,,4.1,21.0,已完成
163,2024-07-16,老张炒饭,96.0,4.9,17.0,已取消
164,2024-07-23,老张炒饭,31.0,3.7,15.0,已完成
165,2024-07-23,蜀香麻辣烫,,3.7,50.0,已取消
166,2024-07-30,炸鸡队长,32.0,4.5,39.0,配送中
167,2024-07-24,炸鸡队长,65.0,4.9,51.0,已取消
168,2024-07-05,鲜粥铺,174.0,4.7,15.0,已完成
169,2024-07-03,老张炒饭,132.0,3.6,29.0,已取消
170,2024-07-12,老张炒饭,36.0,3.9,51.0,已完成
171,2024-07-08,湘味小炒,123.0,4.9,27.0,已取消
172,2024-07-22,鲜粥铺,117.0,3.9,54.0,已完成
173,2024-07-27,湘味小炒,107.0,4.7,22.0,已取消
174,2024-07-03,湘味小炒,128.0,4.7,19.0,已完成
175,2024-07-01,湘味小炒,182.0,4.2,23.0,已完成
176,2024-07-03,蜀香麻辣烫,89.0,4.1,15.0,已完成
177,2024-07-05,蜀香麻辣烫,177.0,4.2,50.0,已取消
178,2024-07-15,湘味小炒,93.0,3.8,49.0,已完成
179,2024-07-14,鲜粥铺,82.0,,16.0,已完成
180,2024-07-03,老张炒饭,175.0,4.2,54.0,已取消
181,2024-07-01,鲜粥铺,79.0,4.8,37.0,已完成
182,2024-07-05,炸鸡队长,98.0,3.7,23.0,已完成
183,2024-07-26,蜀香麻辣烫,56.0,5.0,48.0,已完成
184,2024-07-23,老张炒饭,41.0,4.2,28.0,已完成
185,2024-07-31,老张炒饭,167.0,3.6,18.0,已完成
186,2024-07-14,炸鸡队长,115.0,3.6,44.0,已完成
187,2024-07-07,炸鸡队长,87.0,4.6,45.0,已完成
188,2024-07-27,湘味小炒,36.0,4.5,52.0,已完成
189,2024-07-09,蜀香麻辣烫,31.0,4.7,25.0,已取消
190,2024-07-15,蜀香麻辣烫,169.0,3.7,,已完成
191,2024-07-15,鲜粥铺,164.0,,22.0,已完成
192,2024-07-26,湘味小炒,157.0,4.3,17.0,配送中
193,2024-07-10,湘味小炒,137.0,4.1,28.0,已完成
194,2024-07-28,湘味小炒,41.0,4.2,27.0,已完成
195,2024-07-13,湘味小炒,139.0,5.0,59.0,已取消
196,2024-07-19,蜀香麻辣烫,69.0,,46.0,配送中
197,2024-07-31,蜀香麻辣烫,33.0,4.9,48.0,已取消
198,2024-07-07,湘味小炒,194.0,4.7,59.0,已取消
199,2024-07-17,鲜粥铺,48.0,4.0,33.0,已取消
200,2024-07-20,老张炒饭,183.0,4.1,52.0,已完成
201,2024-07-29,老张炒饭,199.0,4.3,30.0,已取消
202,2024-07-04,鲜粥铺,144.0,,16.0,已完成
203,2024-07-30,湘味小炒,26.0,3.6,54.0,配送中
204,2024-07-05,蜀香麻辣烫,48.0,4.1,31.0,已完成
205,2024-07-23,老张炒饭,158.0,3.6,48.0,已完成
206,2024-07-07,炸鸡队长,52.0,4.3,56.0,已完成
207,2024-07-13,炸鸡队长,153.0,4.8,,已取消
208,2024-07-15,鲜粥铺,130.0,4.7,,已完成
209,2024-07-11,湘味小炒,98.0,3.8,16.0,已取消
210,2024-07-29,老张炒饭,179.0,5.0,16.0,已取消
211,2024-07-04,湘味小炒,198.0,4.5,40.0,已完成
212,2024-07-13,老张炒饭,77.0,3.5,27.0,已取消
213,2024-07-07,鲜粥铺,45.0,3.9,45.0,已取消
214,2024-07-27,鲜粥铺,193.0,3.9,48.0,已完成
215,2024-07-19,炸鸡队长,48.0,3.6,53.0,已完成
216,2024-07-22,湘味小炒,23.0,4.9,17.0,已完成
217,2024-07-28,炸鸡队长,118.0,4.2,22.0,已完成
218,2024-07-02,湘味小炒,160.0,4.8,37.0,已完成
219,2024-07-10,炸鸡队长,58.0,4.0,28.0,配送中
220,2024-07-13,蜀香麻辣烫,34.0,3.7,41.0,已完成
221,2024-07-30,蜀香麻辣烫,138.0,4.2,43.0,已取消
222,2024-07-25,蜀香麻辣烫,48.0,3.7,53.0,已完成
223,2024-07-21,蜀香麻辣烫,176.0,4.2,53.0,已完成
224,2024-07-06,老张炒饭,94.0,4.9,15.0,已取消
225,2024-07-28,蜀香麻辣烫,135.0,4.3,31.0,已取消
226,2024-07-28,鲜粥铺,51.0,4.4,55.0,已完成
227,2024-07-12,鲜粥铺,149.0,3.7,44.0,已完成
228,2024-07-12,老张炒饭,194.0,3.6,27.0,已完成
229,2024-07-20,蜀香麻辣烫,103.0,3.7,35.0,已完成
230,2024-07-30,蜀香麻辣烫,41.0,4.4,33.0,已完成
231,2024-07-30,蜀香麻辣烫,46.0,3.6,33.0,已完成
232,2024-07-11,炸鸡队长,100.0,4.1,39.0,已完成
233,2024-07-26,湘味小炒,145.0,4.3,36.0,已取消
234,2024-07-23,炸鸡队长,111.0,4.1,45.0,已完成
235,2024-07-28,湘味小炒,40.0,3.7,31.0,已完成
236,2024-07-25,蜀香麻辣烫,66.0,,37.0,已完成
237,2024-07-07,蜀香麻辣烫,120.0,4.9,46.0,已取消
238,2024-07-30,炸鸡队长,103.0,4.5,999.0,已取消
239,2024-07-01,炸鸡队长,25.0,4.2,24.0,已完成
240,2024-07-01,湘味小炒,166.0,3.5,50.0,已取消
241,2024-07-25,鲜粥铺,150.0,,22.0,已完成
242,2024-07-27,湘味小炒,20.0,4.5,34.0,已完成
243,2024-07-30,炸鸡队长,77.0,4.0,46.0,已完成
244,2024-07-25,炸鸡队长,143.0,4.8,28.0,已完成
245,2024-07-20,老张炒饭,185.0,3.9,42.0,已取消
246,2024-07-13,炸鸡队长,34.0,4.3,,已取消
247,2024-07-09,老张炒饭,181.0,4.5,29.0,已完成
248,2024-07-03,鲜粥铺,182.0,3.8,36.0,已完成
249,2024-07-07,湘味小炒,83.0,5.0,44.0,已完成
250,2024-07-06,湘味小炒,44.0,4.6,18.0,已完成
251,2024-07-08,老张炒饭,43.0,4.3,27.0,已完成
252,2024-07-27,湘味小炒,31.0,3.8,37.0,已完成
253,2024-07-09,炸鸡队长,37.0,3.6,22.0,已完成
254,2024-07-30,蜀香麻辣烫,34.0,4.0,32.0,已完成
255,2024-07-05,老张炒饭,46.0,4.6,26.0,已完成
256,2024-07-01,湘味小炒,91.0,3.9,45.0,已完成
257,2024-07-19,老张炒饭,79.0,4.3,28.0,已取消
258,2024-07-10,老张炒饭,193.0,4.6,48.0,已完成
259,2024-07-12,蜀香麻辣烫,164.0,3.7,32.0,配送中
260,2024-07-24,炸鸡队长,112.0,4.5,48.0,已完成
261,2024-07-15,老张炒饭,72.0,3.6,25.0,已取消
262,2024-07-27,湘味小炒,27.0,4.9,55.0,已取消
263,2024-07-22,鲜粥铺,98.0,4.2,26.0,已完成
264,2024-07-24,老张炒饭,46.0,3.7,29.0,已完成
265,2024-07-09,老张炒饭,193.0,4.0,45.0,已取消
266,2024-07-20,蜀香麻辣烫,69.0,4.1,43.0,已完成
267,2024-07-17,炸鸡队长,150.0,4.6,40.0,已完成
268,2024-07-30,鲜粥铺,112.0,4.6,32.0,已完成
269,2024-07-17,湘味小炒,191.0,4.4,46.0,已完成
270,2024-07-26,鲜粥铺,43.0,3.7,36.0,已完成
271,2024-07-20,湘味小炒,79.0,3.7,52.0,配送中
272,2024-07-12,炸鸡队长,141.0,3.6,31.0,已完成
273,2024-07-30,湘味小炒,150.0,4.4,37.0,已完成
274,2024-07-07,蜀香麻辣烫,167.0,4.8,38.0,配送中
275,2024-07-02,蜀香麻辣烫,65.0,4.2,22.0,已完成
276,2024-07-03,蜀香麻辣烫,34.0,3.7,55.0,配送中
277,2024-07-17,蜀香麻辣烫,172.0,4.3,,已完成
278,2024-07-05,鲜粥铺,36.0,4.7,19.0,已完成
279,2024-07-17,炸鸡队长,145.0,4.6,58.0,已取消
280,2024-07-24,湘味小炒,103.0,4.8,43.0,已完成
281,2024-07-17,湘味小炒,28.0,3.9,42.0,已取消
282,2024-07-27,蜀香麻辣烫,185.0,3.8,25.0,配送中
283,2024-07-17,蜀香麻辣烫,195.0,4.8,15.0,已取消
284,2024-07-02,老张炒饭,82.0,4.5,57.0,已完成
285,2024-07-02,炸鸡队长,136.0,4.0,33.0,已取消
286,2024-07-28,鲜粥铺,149.0,4.6,23.0,已完成
287,2024-07-22,湘味小炒,107.0,4.7,41.0,已完成
288,2024-07-23,老张炒饭,91.0,4.4,48.0,已取消
289,2024-07-05,老张炒饭,158.0,4.5,58.0,已完成
290,2024-07-01,湘味小炒,83.0,4.1,18.0,已取消
291,2024-07-01,鲜粥铺,91.0,4.3,50.0,已取消
292,2024-07-19,老张炒饭,40.0,4.3,32.0,已取消
293,2024-07-30,老张炒饭,37.0,4.8,29.0,已完成
294,2024-07-02,炸鸡队长,83.0,4.8,27.0,已取消
295,2024-07-21,鲜粥铺,101.0,4.7,33.0,已完成
296,2024-07-12,老张炒饭,129.0,3.5,20.0,已取消
297,2024-07-26,鲜粥铺,114.0,4.6,26.0,已完成
298,2024-07-06,湘味小炒,185.0,4.6,51.0,已完成
299,2024-07-23,蜀香麻辣烫,51.0,4.5,31.0,已完成
300,2024-07-04,老张炒饭,30.0,4.6,37.0,已完成
301,2024-07-23,炸鸡队长,64.0,4.8,40.0,已完成
302,2024-07-11,湘味小炒,52.0,4.2,43.0,已取消
303,2024-07-24,鲜粥铺,121.0,4.3,47.0,已完成
304,2024-07-27,湘味小炒,188.0,3.7,41.0,已完成
305,2024-07-17,老张炒饭,155.0,4.1,39.0,已完成
306,2024-07-31,鲜粥铺,30.0,4.5,24.0,已完成
307,2024-07-06,蜀香麻辣烫,198.0,4.7,37.0,已完成
308,2024-07-24,湘味小炒,107.0,3.8,35.0,已完成
309,2024-07-05,老张炒饭,60.0,3.7,35.0,已完成
310,2024-07-20,炸鸡队长,164.0,,57.0,已完成
311,2024-07-02,鲜粥铺,95.0,3.5,27.0,已完成
312,2024-07-06,湘味小炒,140.0,3.8,51.0,已完成
313,2024-07-22,湘味小炒,65.0,3.5,47.0,已完成
314,2024-07-11,蜀香麻辣烫,179.0,3.8,38.0,已取消
315,2024-07-31,蜀香麻辣烫,99.0,3.8,58.0,已取消
316,2024-07-16,炸鸡队长,73.0,4.1,25.0,已完成
317,2024-07-16,炸鸡队长,105.0,4.1,31.0,配送中
318,2024-07-01,老张炒饭,111.0,4.8,18.0,已完成
319,2024-07-09,老张炒饭,167.0,4.3,39.0,已完成
320,2024-07-28,炸鸡队长,180.0,4.6,44.0,配送中
321,2024-07-27,炸鸡队长,187.0,3.7,23.0,已完成
322,2024-07-06,鲜粥铺,179.0,3.8,35.0,配送中
323,2024-07-16,蜀香麻辣烫,116.0,4.6,34.0,已完成
324,2024-07-29,老张炒饭,21.0,3.6,33.0,已完成
325,2024-07-03,蜀香麻辣烫,52.0,4.2,33.0,已完成
326,2024-07-20,蜀香麻辣烫,177.0,4.4,26.0,已取消
327,2024-07-28,炸鸡队长,180.0,4.4,51.0,已完成
328,2024-07-27,鲜粥铺,96.0,3.5,56.0,已取消
329,2024-07-04,湘味小炒,135.0,4.0,31.0,已完成
330,2024-07-19,鲜粥铺,173.0,4.5,51.0,已完成
331,2024-07-26,鲜粥铺,169.0,3.7,53.0,已完成
332,2024-07-03,蜀香麻辣烫,122.0,4.5,42.0,已完成
333,2024-07-31,鲜粥铺,185.0,4.6,55.0,配送中
334,2024-07-19,老张炒饭,122.0,5.0,,已完成
335,2024-07-20,蜀香麻辣烫,109.0,3.8,32.0,已取消
336,2024-07-07,老张炒饭,193.0,4.7,28.0,已取消
337,2024-07-20,湘味小炒,141.0,4.3,49.0,已完成
338,2024-07-09,蜀香麻辣烫,162.0,4.1,58.0,已完成
339,2024-07-01,湘味小炒,125.0,3.7,55.0,已完成
340,2024-07-08,蜀香麻辣烫,138.0,4.6,21.0,已完成
341,2024-07-07,炸鸡队长,191.0,3.9,55.0,已完成
342,2024-07-18,鲜粥铺,68.0,4.1,27.0,已完成
343,2024-07-08,炸鸡队长,123.0,3.6,32.0,已完成
344,2024-07-01,湘味小炒,80.0,,51.0,已完成
345,2024-07-11,鲜粥铺,142.0,4.6,27.0,已完成
346,2024-07-28,蜀香麻辣烫,153.0,4.6,50.0,已完成
347,2024-07-25,鲜粥铺,28.0,3.9,45.0,已完成
348,2024-07-25,老张炒饭,25.0,3.8,16.0,已取消
349,2024-07-18,鲜粥铺,92.0,4.5,30.0,已完成
350,2024-07-23,老张炒饭,122.0,4.2,23.0,已完成
351,2024-07-31,鲜粥铺,179.0,3.8,23.0,已取消
352,2024-07-30,老张炒饭,60.0,4.5,52.0,已完成
353,2024-07-10,湘味小炒,133.0,5.0,25.0,已完成
354,2024-07-03,炸鸡队长,27.0,4.6,36.0,已完成
355,2024-07-07,蜀香麻辣烫,91.0,4.6,47.0,已完成
356,2024-07-28,鲜粥铺,197.0,4.9,50.0,已完成
357,2024-07-16,炸鸡队长,111.0,3.8,59.0,已完成
358,2024-07-26,蜀香麻辣烫,81.0,4.3,37.0,已完成
359,2024-07-16,蜀香麻辣烫,103.0,,59.0,已完成
360,2024-07-25,老张炒饭,81.0,3.7,59.0,已取消
361,2024-07-20,湘味小炒,130.0,4.6,48.0,已取消
362,2024-07-28,湘味小炒,146.0,4.4,23.0,已完成
363,2024-07-17,炸鸡队长,26.0,4.4,38.0,已取消
364,2024-07-02,湘味小炒,103.0,4.5,22.0,已完成
365,2024-07-01,鲜粥铺,,4.9,21.0,已完成
366,2024-07-16,湘味小炒,153.0,4.7,50.0,已取消
367,2024-07-30,炸鸡队长,77.0,3.6,32.0,已完成
368,2024-07-12,湘味小炒,41.0,4.8,17.0,已完成
369,2024-07-05,鲜粥铺,173.0,3.8,42.0,已完成
370,2024-07-05,老张炒饭,146.0,4.1,20.0,已完成
371,2024-07-27,炸鸡队长,22.0,4.2,58.0,已取消
372,2024-07-23,老张炒饭,146.0,4.2,58.0,已取消
373,2024-07-09,老张炒饭,60.0,4.2,35.0,已取消
374,2024-07-09,老张炒饭,125.0,4.9,42.0,已取消
375,2024-07-03,蜀香麻辣烫,33.0,4.6,54.0,已完成
376,2024-07-19,蜀香麻辣烫,31.0,4.4,15.0,已完成
377,2024-07-16,老张炒饭,106.0,3.6,50.0,已完成
378,2024-07-16,炸鸡队长,31.0,4.9,35.0,已完成
379,2024-07-03,鲜粥铺,160.0,4.9,57.0,已完成
380,2024-07-20,鲜粥铺,44.0,4.7,49.0,配送中
381,2024-07-24,湘味小炒,64.0,3.5,27.0,已完成
382,2024-07-22,炸鸡队长,141.0,3.6,24.0,已完成
383,2024-07-24,蜀香麻辣烫,166.0,3.8,58.0,已完成
384,2024-07-01,老张炒饭,74.0,3.7,,已完成
385,2024-07-24,湘味小炒,119.0,4.1,27.0,已取消
386,2024-07-20,鲜粥铺,192.0,4.9,51.0,已完成
387,2024-07-11,蜀香麻辣烫,155.0,4.2,52.0,已完成
388,2024-07-17,蜀香麻辣烫,138.0,3.5,38.0,已取消
389,2024-07-08,老张炒饭,72.0,3.9,16.0,已完成
390,2024-07-04,鲜粥铺,51.0,3.6,36.0,已完成
391,2024-07-06,炸鸡队长,70.0,3.6,31.0,已完成
392,2024-07-08,蜀香麻辣烫,63.0,3.9,50.0,已取消
393,2024-07-20,老张炒饭,101.0,3.9,28.0,已完成
394,2024-07-30,炸鸡队长,165.0,4.7,24.0,已取消
395,2024-07-03,鲜粥铺,169.0,5.0,49.0,已取消
396,2024-07-16,蜀香麻辣烫,56.0,4.1,39.0,已完成
397,2024-07-30,炸鸡队长,115.0,4.1,17.0,配送中
398,2024-07-25,炸鸡队长,75.0,4.8,52.0,已取消
399,2024-07-03,炸鸡队长,124.0,3.9,31.0,已取消
400,2024-07-25,蜀香麻辣烫,78.0,3.7,26.0,已取消
401,2024-07-29,蜀香麻辣烫,150.0,4.8,38.0,已完成
402,2024-07-18,湘味小炒,175.0,3.6,43.0,已完成
403,2024-07-14,鲜粥铺,54.0,4.4,57.0,已完成
404,2024-07-18,老张炒饭,112.0,4.3,,已完成
405,2024-07-02,炸鸡队长,116.0,4.0,50.0,已完成
406,2024-07-22,湘味小炒,154.0,4.0,40.0,已取消
407,2024-07-03,老张炒饭,95.0,4.7,52.0,已取消
408,2024-07-16,湘味小炒,68.0,3.6,15.0,已完成
409,2024-07-29,蜀香麻辣烫,113.0,3.9,34.0,已取消
410,2024-07-09,炸鸡队长,178.0,4.6,42.0,已取消
411,2024-07-04,老张炒饭,43.0,4.3,30.0,已完成
412,2024-07-01,老张炒饭,167.0,3.7,31.0,已完成
413,2024-07-04,老张炒饭,56.0,4.8,54.0,已完成
414,2024-07-01,老张炒饭,23.0,4.1,42.0,已取消
415,2024-07-14,老张炒饭,127.0,4.7,26.0,已完成
416,2024-07-21,湘味小炒,145.0,4.7,41.0,已完成
417,2024-07-16,炸鸡队长,39.0,4.4,56.0,已完成
418,2024-07-20,蜀香麻辣烫,171.0,4.2,44.0,已取消
419,2024-07-24,蜀香麻辣烫,69.0,5.0,55.0,已取消
420,2024-07-08,蜀香麻辣烫,196.0,3.7,48.0,已取消
421,2024-07-07,蜀香麻辣烫,198.0,4.6,51.0,配送中
422,2024-07-03,湘味小炒,115.0,3.8,20.0,已取消
423,2024-07-17,鲜粥铺,124.0,4.0,21.0,配送中
424,2024-07-01,炸鸡队长,183.0,4.0,46.0,配送中
425,2024-07-16,老张炒饭,136.0,4.9,,已取消
426,2024-07-12,鲜粥铺,117.0,5.0,39.0,已完成
427,2024-07-27,蜀香麻辣烫,85.0,3.8,47.0,已完成
428,2024-07-19,鲜粥铺,,3.5,21.0,已完成
429,2024-07-22,炸鸡队长,181.0,4.6,26.0,已完成
430,2024-07-23,老张炒饭,183.0,4.1,30.0,已完成
431,2024-07-22,老张炒饭,25.0,3.6,30.0,已完成
432,2024-07-14,炸鸡队长,58.0,4.5,57.0,配送中
433,2024-07-30,炸鸡队长,189.0,4.3,50.0,已取消
434,2024-07-06,蜀香麻辣烫,134.0,5.0,27.0,已取消
435,2024-07-06,老张炒饭,144.0,3.8,21.0,已完成
436,2024-07-13,鲜粥铺,31.0,4.1,50.0,已完成
437,2024-07-19,湘味小炒,150.0,,23.0,已完成
438,2024-07-22,湘味小炒,37.0,4.7,,已完成
439,2024-07-08,炸鸡队长,59.0,4.3,25.0,已完成
440,2024-07-27,蜀香麻辣烫,40.0,4.4,22.0,已完成
441,2024-07-27,湘味小炒,162.0,3.8,47.0,配送中
442,2024-07-02,老张炒饭,118.0,,37.0,已取消
443,2024-07-21,炸鸡队长,45.0,4.1,39.0,已完成
444,2024-07-30,鲜粥铺,27.0,,999.0,已完成
445,2024-07-01,炸鸡队长,119.0,4.5,59.0,已完成
446,2024-07-28,鲜粥铺,106.0,3.8,36.0,已完成
447,2024-07-15,炸鸡队长,61.0,3.6,18.0,配送中
448,2024-07-01,炸鸡队长,191.0,,54.0,已完成
449,2024-07-05,炸鸡队长,33.0,4.2,17.0,已完成
450,2024-07-28,鲜粥铺,97.0,4.6,43.0,已完成
451,2024-07-29,鲜粥铺,21.0,3.9,55.0,已完成
452,2024-07-16,炸鸡队长,138.0,4.7,43.0,已完成
453,2024-07-19,湘味小炒,56.0,3.7,48.0,已取消
454,2024-07-04,蜀香麻辣烫,88.0,4.0,48.0,已完成
455,2024-07-03,蜀香麻辣烫,185.0,5.0,42.0,已完成
456,2024-07-17,蜀香麻辣烫,60.0,,27.0,已完成
457,2024-07-17,鲜粥铺,81.0,4.2,29.0,已完成
458,2024-07-12,鲜粥铺,79.0,4.0,37.0,已取消
459,2024-07-28,湘味小炒,144.0,4.8,58.0,已完成
460,2024-07-30,蜀香麻辣烫,130.0,4.3,40.0,已完成
461,2024-07-29,蜀香麻辣烫,33.0,4.6,18.0,已完成
462,2024-07-14,炸鸡队长,103.0,4.6,40.0,已完成
463,2024-07-21,鲜粥铺,149.0,3.5,54.0,已完成
464,2024-07-06,蜀香麻辣烫,89.0,3.7,23.0,已完成
465,2024-07-03,湘味小炒,164.0,4.5,19.0,已完成
466,2024-07-28,湘味小炒,142.0,3.7,46.0,已取消
467,2024-07-09,蜀香麻辣烫,108.0,3.9,34.0,已完成
468,2024-07-05,鲜粥铺,47.0,4.9,25.0,配送中
469,2024-07-24,湘味小炒,85.0,4.3,29.0,已完成
470,2024-07-29,炸鸡队长,182.0,4.6,46.0,配送中
471,2024-07-17,湘味小炒,24.0,4.3,42.0,已取消
472,2024-07-14,老张炒饭,187.0,4.3,36.0,已完成
473,2024-07-21,老张炒饭,183.0,3.6,55.0,已取消
474,2024-07-31,鲜粥铺,64.0,4.0,31.0,已完成
475,2024-07-03,蜀香麻辣烫,170.0,3.9,40.0,配送中
476,2024-07-28,鲜粥铺,66.0,4.1,58.0,已完成
477,2024-07-01,鲜粥铺,50.0,4.7,21.0,已完成
478,2024-07-20,鲜粥铺,158.0,4.1,56.0,已完成
479,2024-07-31,鲜粥铺,29.0,4.2,40.0,配送中
480,2024-07-29,炸鸡队长,137.0,4.1,39.0,已完成
481,2024-07-21,炸鸡队长,33.0,3.6,24.0,已完成
482,2024-07-23,湘味小炒,99.0,4.2,59.0,已取消
483,2024-07-01,老张炒饭,112.0,3.8,33.0,已取消
484,2024-07-03,鲜粥铺,29.0,3.8,25.0,已完成
485,2024-07-18,湘味小炒,95.0,3.6,27.0,已完成
486,2024-07-25,老张炒饭,113.0,4.0,22.0,已完成
487,2024-07-10,蜀香麻辣烫,124.0,4.6,54.0,已完成
488,2024-07-31,炸鸡队长,20.0,3.9,18.0,已完成
489,2024-07-22,老张炒饭,152.0,4.0,,配送中
490,2024-07-26,蜀香麻辣烫,39.0,4.5,42.0,已完成
491,2024-07-03,老张炒饭,27.0,3.8,25.0,已完成
492,2024-07-08,炸鸡队长,190.0,4.8,57.0,已完成
493,2024-07-14,炸鸡队长,20.0,4.3,15.0,已完成
494,2024-07-24,湘味小炒,76.0,4.2,,已完成
495,2024-07-18,鲜粥铺,,4.3,38.0,已完成
496,2024-07-15,老张炒饭,137.0,3.7,45.0,已完成
497,2024-07-22,老张炒饭,47.0,4.4,55.0,配送中
498,2024-07-23,蜀香麻辣烫,140.0,4.0,40.0,已完成
499,2024-07-02,炸鸡队长,126.0,4.8,19.0,配送中
500,2024-07-31,老张炒饭,184.0,3.8,34.0,已取消
501,2024-07-27,炸鸡队长,194.0,4.3,55.0,已完成
502,2024-07-10,老张炒饭,184.0,,25.0,已取消
503,2024-07-02,湘味小炒,68.0,3.6,47.0,已完成
504,2024-07-26,鲜粥铺,139.0,4.0,52.0,已完成
505,2024-07-17,老张炒饭,63.0,4.6,41.0,已取消
506,2024-07-08,炸鸡队长,75.0,4.7,48.0,已完成
507,2024-07-01,湘味小炒,175.0,4.0,29.0,已完成
508,2024-07-09,老张炒饭,130.0,4.7,999.0,已取消
509,2024-07-11,蜀香麻辣烫,153.0,5.0,35.0,已完成
510,2024-07-22,鲜粥铺,127.0,4.8,19.0,已完成
511,2024-07-16,老张炒饭,167.0,3.7,20.0,配送中
512,2024-07-07,湘味小炒,133.0,4.6,52.0,已完成
513,2024-07-29,蜀香麻辣烫,97.0,,36.0,已完成
514,2024-07-10,湘味小炒,149.0,5.0,32.0,已完成
515,2024-07-23,湘味小炒,56.0,4.2,28.0,已完成
516,2024-07-26,蜀香麻辣烫,39.0,3.7,24.0,已完成
517,2024-07-03,湘味小炒,45.0,4.6,27.0,配送中
518,2024-07-18,蜀香麻辣烫,48.0,4.0,45.0,已完成
519,2024-07-25,老张炒饭,20.0,5.0,44.0,已完成
520,2024-07-24,蜀香麻辣烫,138.0,5.0,17.0,已取消
521,2024-07-13,蜀香麻辣烫,54.0,4.5,44.0,已取消
522,2024-07-28,鲜粥铺,78.0,3.7,20.0,已完成
523,2024-07-26,蜀香麻辣烫,88.0,4.5,43.0,已完成
524,2024-07-07,蜀香麻辣烫,180.0,3.6,22.0,已完成
525,2024-07-25,老张炒饭,,3.5,58.0,已完成
526,2024-07-04,鲜粥铺,31.0,4.7,59.0,已完成
527,2024-07-13,炸鸡队长,39.0,3.8,57.0,已完成
528,2024-07-20,老张炒饭,62.0,4.1,,配送中
529,2024-07-01,老张炒饭,145.0,5.0,47.0,已取消
530,2024-07-08,炸鸡队长,69.0,4.0,31.0,已完成
531,2024-07-14,蜀香麻辣烫,48.0,3.9,25.0,已完成
532,2024-07-16,湘味小炒,58.0,4.9,27.0,已完成
533,2024-07-14,鲜粥铺,190.0,3.7,25.0,已完成
534,2024-07-12,湘味小炒,197.0,4.6,45.0,已完成
535,2024-07-19,炸鸡队长,170.0,5.0,42.0,已取消
536,2024-07-23,老张炒饭,191.0,4.9,58.0,已完成
537,2024-07-15,老张炒饭,57.0,4.5,20.0,已完成
538,2024-07-28,鲜粥铺,103.0,4.0,55.0,已取消
539,2024-07-02,老张炒饭,170.0,3.9,30.0,已完成
540,2024-07-02,老张炒饭,147.0,4.7,18.0,已完成
541,2024-07-23,鲜粥铺,145.0,4.8,49.0,已完成
542,2024-07-31,鲜粥铺,64.0,4.3,,已完成
543,2024-07-22,炸鸡队长,71.0,3.9,26.0,配送中
544,2024-07-19,老张炒饭,99.0,3.7,25.0,已完成
545,2024-07-25,老张炒饭,197.0,3.6,51.0,已完成
546,2024-07-26,炸鸡队长,143.0,4.6,39.0,已完成
547,2024-07-31,蜀香麻辣烫,138.0,4.1,32.0,配送中
548,2024-07-30,蜀香麻辣烫,27.0,,33.0,已完成
549,2024-07-29,蜀香麻辣烫,104.0,4.6,37.0,已完成
550,2024-07-22,炸鸡队长,148.0,3.8,52.0,已完成
551,2024-07-26,老张炒饭,27.0,,,已完成
552,2024-07-26,炸鸡队长,176.0,4.2,40.0,已完成
553,2024-07-22,炸鸡队长,115.0,4.4,20.0,已完成
554,2024-07-17,蜀香麻辣烫,121.0,4.6,18.0,已完成
555,2024-07-20,湘味小炒,24.0,4.7,58.0,已完成
556,2024-07-10,老张炒饭,105.0,4.8,43.0,已取消
557,2024-07-06,蜀香麻辣烫,194.0,3.9,48.0,已完成
558,2024-07-15,湘味小炒,53.0,3.5,31.0,已完成
559,2024-07-22,湘味小炒,74.0,4.6,57.0,已完成
560,2024-07-11,鲜粥铺,138.0,3.7,57.0,配送中
561,2024-07-28,老张炒饭,190.0,4.0,30.0,已完成
562,2024-07-05,湘味小炒,177.0,3.5,16.0,已取消
563,2024-07-01,蜀香麻辣烫,133.0,4.5,,已取消
564,2024-07-08,鲜粥铺,164.0,3.8,22.0,已完成
565,2024-07-21,老张炒饭,45.0,4.5,27.0,配送中
566,2024-07-28,炸鸡队长,155.0,5.0,56.0,已完成
567,2024-07-12,蜀香麻辣烫,66.0,3.6,22.0,已完成
568,2024-07-12,湘味小炒,132.0,3.6,44.0,已取消
569,2024-07-05,湘味小炒,95.0,4.0,46.0,已取消
570,2024-07-07,蜀香麻辣烫,91.0,,50.0,已完成
571,2024-07-04,湘味小炒,108.0,3.8,44.0,已完成
572,2024-07-06,鲜粥铺,65.0,,15.0,已完成
573,2024-07-13,老张炒饭,52.0,3.6,57.0,已取消
574,2024-07-20,鲜粥铺,20.0,4.6,53.0,已完成
575,2024-07-30,湘味小炒,166.0,4.1,31.0,已完成
576,2024-07-15,炸鸡队长,50.0,4.6,34.0,已完成
577,2024-07-03,老张炒饭,161.0,4.9,38.0,已完成
578,2024-07-23,老张炒饭,72.0,3.8,36.0,已取消
579,2024-07-08,蜀香麻辣烫,67.0,4.7,43.0,已完成
580,2024-07-20,蜀香麻辣烫,88.0,3.6,36.0,配送中
581,2024-07-16,炸鸡队长,124.0,4.8,58.0,已完成
582,2024-07-13,老张炒饭,109.0,4.5,23.0,已取消
583,2024-07-18,炸鸡队长,82.0,4.8,51.0,已完成
584,2024-07-28,蜀香麻辣烫,92.0,,24.0,已完成
585,2024-07-10,蜀香麻辣烫,180.0,3.8,50.0,已完成
586,2024-07-30,老张炒饭,188.0,4.1,51.0,已完成
587,2024-07-19,鲜粥铺,108.0,4.1,,已完成
588,2024-07-17,湘味小炒,195.0,3.8,42.0,配送中
589,2024-07-24,蜀香麻辣烫,,4.1,56.0,已完成
590,2024-07-31,蜀香麻辣烫,92.0,3.7,57.0,已完成
591,2024-07-19,鲜粥铺,96.0,4.1,35.0,已完成
592,2024-07-28,鲜粥铺,178.0,4.7,38.0,已完成
593,2024-07-26,炸鸡队长,87.0,4.2,56.0,已完成
594,2024-07-23,炸鸡队长,117.0,3.5,54.0,已取消
595,2024-07-26,湘味小炒,144.0,4.1,16.0,配送中
596,2024-07-05,湘味小炒,121.0,3.5,22.0,已完成
597,2024-07-26,老张炒饭,151.0,4.9,41.0,已完成
598,2024-07-21,炸鸡队长,121.0,3.7,36.0,已完成
599,2024-07-30,蜀香麻辣烫,38.0,4.6,51.0,已完成
600,2024-07-23,炸鸡队长,101.0,5.0,41.0,已完成
601,2024-07-31,蜀香麻辣烫,160.0,,,已完成
602,2024-07-09,鲜粥铺,42.0,4.5,17.0,已完成
603,2024-07-12,炸鸡队长,102.0,4.8,58.0,已完成
604,2024-07-21,鲜粥铺,128.0,5.0,27.0,已取消
605,2024-07-01,湘味小炒,94.0,,59.0,已完成
606,2024-07-26,湘味小炒,148.0,4.3,24.0,已完成
607,2024-07-26,老张炒饭,107.0,4.4,50.0,已完成
608,2024-07-01,炸鸡队长,73.0,4.3,23.0,已完成
609,2024-07-15,鲜粥铺,108.0,4.5,41.0,配送中
610,2024-07-02,蜀香麻辣烫,162.0,4.2,,已取消
611,2024-07-30,湘味小炒,84.0,3.8,15.0,已取消
612,2024-07-22,湘味小炒,95.0,3.7,,已完成
613,2024-07-16,蜀香麻辣烫,162.0,3.6,39.0,已取消
614,2024-07-25,鲜粥铺,168.0,,43.0,已完成
615,2024-07-08,鲜粥铺,166.0,3.6,21.0,已取消
616,2024-07-13,炸鸡队长,79.0,4.4,17.0,已完成
617,2024-07-21,炸鸡队长,112.0,3.9,34.0,配送中
618,2024-07-01,老张炒饭,180.0,4.7,34.0,配送中
619,2024-07-16,湘味小炒,68.0,3.6,44.0,已取消
620,2024-07-29,炸鸡队长,54.0,3.8,49.0,已完成
621,2024-07-07,鲜粥铺,191.0,4.6,49.0,已完成
622,2024-07-31,蜀香麻辣烫,121.0,4.4,53.0,已取消
623,2024-07-05,鲜粥铺,30.0,3.6,41.0,已完成
624,2024-07-22,湘味小炒,118.0,4.8,40.0,已取消
625,2024-07-29,鲜粥铺,129.0,4.8,28.0,已完成
626,2024-07-23,老张炒饭,93.0,4.0,31.0,已完成
627,2024-07-03,湘味小炒,193.0,4.0,32.0,配送中
628,2024-07-12,蜀香麻辣烫,28.0,5.0,59.0,已完成
629,2024-07-26,老张炒饭,22.0,4.4,43.0,已完成
630,2024-07-16,湘味小炒,104.0,4.3,34.0,已完成
631,2024-07-19,蜀香麻辣烫,45.0,4.8,41.0,已完成
632,2024-07-05,老张炒饭,91.0,3.9,32.0,已取消
633,2024-07-22,老张炒饭,67.0,4.1,18.0,已完成
634,2024-07-25,湘味小炒,175.0,3.9,15.0,配送中
635,2024-07-29,炸鸡队长,136.0,4.7,15.0,已取消
636,2024-07-14,老张炒饭,173.0,4.4,40.0,已完成
637,2024-07-28,老张炒饭,172.0,4.5,59.0,已取消
638,2024-07-05,蜀香麻辣烫,31.0,3.9,34.0,已完成
639,2024-07-15,鲜粥铺,152.0,3.8,37.0,已完成
640,2024-07-17,湘味小炒,67.0,4.2,24.0,配送中
641,2024-07-30,湘味小炒,56.0,4.6,25.0,已完成
642,2024-07-14,炸鸡队长,63.0,4.3,55.0,已完成
643,2024-07-30,炸鸡队长,34.0,3.5,55.0,已完成
644,2024-07-20,湘味小炒,62.0,4.8,19.0,已完成
645,2024-07-05,炸鸡队长,195.0,3.6,15.0,已完成
646,2024-07-12,蜀香麻辣烫,106.0,4.9,31.0,已取消
647,2024-07-16,湘味小炒,89.0,3.5,36.0,已完成
648,2024-07-26,炸鸡队长,65.0,4.5,48.0,已完成
649,2024-07-26,湘味小炒,127.0,3.6,59.0,已完成
650,2024-07-16,鲜粥铺,142.0,4.9,55.0,已完成
651,2024-07-21,老张炒饭,190.0,4.2,43.0,已完成
652,2024-07-07,湘味小炒,,3.7,18.0,已完成
653,2024-07-04,老张炒饭,170.0,4.0,19.0,已完成
654,2024-07-01,炸鸡队长,126.0,3.7,999.0,已完成
655,2024-07-30,老张炒饭,99.0,3.8,35.0,已完成
656,2024-07-30,湘味小炒,,4.9,49.0,已完成
657,2024-07-05,鲜粥铺,136.0,4.2,26.0,配送中
658,2024-07-23,炸鸡队长,143.0,4.7,40.0,配送中
659,2024-07-26,湘味小炒,162.0,4.5,33.0,已完成
660,2024-07-10,炸鸡队长,44.0,4.5,59.0,配送中
661,2024-07-22,蜀香麻辣烫,55.0,3.7,21.0,已取消
662,2024-07-05,老张炒饭,70.0,3.9,21.0,已完成
663,2024-07-04,蜀香麻辣烫,34.0,4.7,40.0,已完成
664,2024-07-02,湘味小炒,87.0,5.0,54.0,已取消
665,2024-07-20,鲜粥铺,40.0,3.9,19.0,已取消
666,2024-07-31,炸鸡队长,160.0,3.9,35.0,已完成
667,2024-07-10,老张炒饭,38.0,4.2,28.0,已取消
668,2024-07-26,炸鸡队长,53.0,5.0,18.0,已完成
669,2024-07-19,湘味小炒,97.0,3.9,37.0,已取消
670,2024-07-26,炸鸡队长,144.0,4.1,56.0,配送中
671,2024-07-01,老张炒饭,136.0,4.8,34.0,已完成
672,2024-07-24,湘味小炒,71.0,3.5,29.0,已取消
673,2024-07-05,炸鸡队长,46.0,3.6,,已完成
674,2024-07-13,鲜粥铺,176.0,4.4,43.0,已完成
675,2024-07-04,湘味小炒,175.0,4.9,22.0,已取消
676,2024-07-16,湘味小炒,54.0,3.9,55.0,已完成
677,2024-07-24,鲜粥铺,155.0,4.2,,已完成
678,2024-07-16,蜀香麻辣烫,163.0,4.2,53.0,已完成
679,2024-07-23,老张炒饭,125.0,4.2,42.0,已完成
680,2024-07-02,蜀香麻辣烫,183.0,4.4,41.0,已完成
681,2024-07-17,炸鸡队长,177.0,4.2,18.0,已取消
682,2024-07-28,鲜粥铺,165.0,4.2,29.0,已完成
683,2024-07-27,蜀香麻辣烫,21.0,4.2,49.0,已完成
684,2024-07-20,湘味小炒,196.0,4.4,51.0,已完成
685,2024-07-24,炸鸡队长,96.0,4.3,15.0,已取消
686,2024-07-12,炸鸡队长,151.0,4.8,,配送中
687,2024-07-18,蜀香麻辣烫,109.0,3.6,38.0,配送中
688,2024-07-03,蜀香麻辣烫,108.0,4.7,41.0,已取消
689,2024-07-28,鲜粥铺,113.0,4.8,54.0,已取消
690,2024-07-01,老张炒饭,26.0,3.9,50.0,已完成
691,2024-07-01,蜀香麻辣烫,114.0,4.2,48.0,已完成
692,2024-07-29,蜀香麻辣烫,127.0,,43.0,已完成
693,2024-07-19,湘味小炒,93.0,3.8,,已取消
694,2024-07-11,炸鸡队长,58.0,4.1,38.0,配送中
695,2024-07-05,老张炒饭,160.0,,56.0,已完成
696,2024-07-12,湘味小炒,178.0,3.9,18.0,配送中
697,2024-07-03,鲜粥铺,90.0,,17.0,已完成
698,2024-07-01,鲜粥铺,75.0,3.9,48.0,已完成
699,2024-07-01,蜀香麻辣烫,189.0,,37.0,已完成
700,2024-07-08,蜀香麻辣烫,61.0,4.3,37.0,已完成
701,2024-07-10,鲜粥铺,55.0,4.8,,已完成
702,2024-07-11,蜀香麻辣烫,103.0,4.4,19.0,已完成
703,2024-07-12,老张炒饭,137.0,3.5,45.0,已完成
704,2024-07-29,蜀香麻辣烫,26.0,4.5,55.0,已完成
705,2024-07-13,炸鸡队长,73.0,3.6,20.0,已取消
706,2024-07-12,蜀香麻辣烫,148.0,4.2,51.0,已取消
707,2024-07-31,湘味小炒,191.0,4.9,24.0,配送中
708,2024-07-14,老张炒饭,139.0,3.7,54.0,已完成
709,2024-07-02,湘味小炒,192.0,4.1,21.0,已完成
710,2024-07-29,湘味小炒,125.0,4.6,53.0,已取消
711,2024-07-19,炸鸡队长,66.0,,52.0,已完成
712,2024-07-18,老张炒饭,142.0,4.5,35.0,已完成
713,2024-07-03,老张炒饭,160.0,3.9,34.0,已完成
714,2024-07-23,老张炒饭,138.0,4.5,17.0,已完成
715,2024-07-17,老张炒饭,169.0,3.9,36.0,已完成
716,2024-07-26,老张炒饭,137.0,,18.0,已完成
717,2024-07-08,炸鸡队长,40.0,4.9,42.0,已完成
718,2024-07-29,蜀香麻辣烫,156.0,4.6,26.0,已完成
719,2024-07-26,湘味小炒,45.0,4.8,52.0,已完成
720,2024-07-10,老张炒饭,28.0,3.5,50.0,已完成
721,2024-07-26,蜀香麻辣烫,34.0,4.6,55.0,已完成
722,2024-07-30,蜀香麻辣烫,29.0,4.7,19.0,已完成
723,2024-07-02,湘味小炒,141.0,3.6,27.0,已完成
724,2024-07-19,炸鸡队长,140.0,4.8,37.0,已完成
725,2024-07-09,鲜粥铺,144.0,3.9,44.0,已完成
726,2024-07-07,鲜粥铺,189.0,4.5,51.0,已完成
727,2024-07-04,蜀香麻辣烫,91.0,4.7,39.0,已完成
728,2024-07-26,湘味小炒,171.0,4.5,41.0,配送中
729,2024-07-21,鲜粥铺,68.0,3.6,28.0,已完成
730,2024-07-18,蜀香麻辣烫,173.0,4.4,50.0,已完成
731,2024-07-13,炸鸡队长,110.0,,53.0,已完成
732,2024-07-11,鲜粥铺,56.0,4.9,30.0,已完成
733,2024-07-29,蜀香麻辣烫,87.0,4.1,36.0,已完成
734,2024-07-24,蜀香麻辣烫,69.0,,35.0,已完成
735,2024-07-04,老张炒饭,171.0,4.6,35.0,已取消
736,2024-07-25,炸鸡队长,38.0,4.1,22.0,已完成
737,2024-07-21,老张炒饭,119.0,4.5,30.0,已完成
738,2024-07-29,湘味小炒,79.0,4.5,45.0,已完成
739,2024-07-25,老张炒饭,186.0,4.8,56.0,已取消
740,2024-07-04,老张炒饭,108.0,4.4,24.0,已完成
741,2024-07-10,鲜粥铺,165.0,4.3,46.0,配送中
742,2024-07-05,蜀香麻辣烫,166.0,3.7,48.0,已完成
743,2024-07-09,炸鸡队长,183.0,3.7,23.0,配送中
744,2024-07-24,老张炒饭,88.0,3.7,31.0,配送中
745,2024-07-03,炸鸡队长,194.0,3.8,25.0,已完成
746,2024-07-17,老张炒饭,68.0,4.5,46.0,已完成
747,2024-07-03,湘味小炒,127.0,4.6,24.0,已完成
748,2024-07-16,老张炒饭,180.0,4.3,36.0,已完成
749,2024-07-04,鲜粥铺,138.0,4.7,31.0,已取消
750,2024-07-18,蜀香麻辣烫,168.0,5.0,18.0,已完成
751,2024-07-17,湘味小炒,169.0,,39.0,已完成
752,2024-07-07,老张炒饭,195.0,4.5,35.0,已完成
753,2024-07-24,炸鸡队长,56.0,4.3,51.0,配送中
754,2024-07-23,湘味小炒,162.0,4.2,52.0,已完成
755,2024-07-30,湘味小炒,182.0,3.6,15.0,已完成
756,2024-07-05,老张炒饭,179.0,4.1,39.0,已完成
757,2024-07-12,湘味小炒,30.0,4.9,50.0,配送中
758,2024-07-17,炸鸡队长,157.0,4.7,31.0,已完成
759,2024-07-23,湘味小炒,97.0,3.8,55.0,已完成
760,2024-07-13,炸鸡队长,96.0,4.2,,已完成
761,2024-07-23,老张炒饭,172.0,4.7,16.0,已完成
762,2024-07-25,蜀香麻辣烫,21.0,3.6,54.0,已完成
763,2024-07-03,湘味小炒,83.0,4.1,29.0,配送中
764,2024-07-09,蜀香麻辣烫,54.0,4.8,46.0,已取消
765,2024-07-30,炸鸡队长,26.0,4.1,53.0,已完成
766,2024-07-17,湘味小炒,104.0,3.6,20.0,已取消
767,2024-07-17,鲜粥铺,165.0,4.3,15.0,已完成
768,2024-07-30,蜀香麻辣烫,86.0,4.8,37.0,已取消
769,2024-07-20,湘味小炒,61.0,4.4,53.0,已取消
770,2024-07-16,蜀香麻辣烫,137.0,3.8,31.0,已完成
771,2024-07-25,湘味小炒,144.0,4.1,48.0,已取消
772,2024-07-22,老张炒饭,186.0,4.2,55.0,已完成
773,2024-07-13,蜀香麻辣烫,,4.4,43.0,已完成
774,2024-07-27,鲜粥铺,43.0,4.6,23.0,已完成
775,2024-07-19,鲜粥铺,65.0,3.6,27.0,已完成
776,2024-07-17,炸鸡队长,38.0,4.8,20.0,已取消
777,2024-07-04,湘味小炒,87.0,3.5,20.0,配送中
778,2024-07-12,蜀香麻辣烫,121.0,,34.0,已完成
779,2024-07-29,炸鸡队长,61.0,3.5,17.0,已取消
780,2024-07-09,蜀香麻辣烫,51.0,4.1,31.0,已取消
781,2024-07-19,湘味小炒,186.0,4.3,26.0,已完成
782,2024-07-12,鲜粥铺,128.0,4.3,59.0,已完成
783,2024-07-09,老张炒饭,55.0,3.7,15.0,已完成
784,2024-07-07,鲜粥铺,116.0,4.5,,已完成
785,2024-07-28,炸鸡队长,183.0,3.6,17.0,配送中
786,2024-07-14,老张炒饭,150.0,4.6,40.0,已完成
787,2024-07-31,炸鸡队长,92.0,4.9,29.0,已取消
788,2024-07-20,湘味小炒,155.0,4.0,50.0,已完成
789,2024-07-19,老张炒饭,116.0,4.3,46.0,已完成
790,2024-07-26,炸鸡队长,142.0,4.1,46.0,已完成
791,2024-07-15,湘味小炒,89.0,3.5,18.0,已完成
792,2024-07-16,鲜粥铺,188.0,4.1,32.0,已完成
793,2024-07-21,湘味小炒,32.0,4.7,33.0,已完成
794,2024-07-05,蜀香麻辣烫,68.0,4.4,57.0,已完成
795,2024-07-03,湘味小炒,79.0,3.7,49.0,已完成
796,2024-07-12,湘味小炒,149.0,4.8,54.0,已完成
797,2024-07-25,蜀香麻辣烫,24.0,4.3,28.0,已取消
798,2024-07-20,炸鸡队长,191.0,4.8,47.0,已完成
799,2024-07-27,炸鸡队长,46.0,4.4,28.0,已完成
